911649905357160448,n,
913048817871835136,n,
913047583353917441,-,
913047142306107392,n,
913046903662759937,n,
913045725491146752,n,
913039912294694913,n,
913038777005768705,n,
913034952890912768,p,
913033732017262597,n,
913032887292841984,n,
913029137379577856,-,
913027998990979074,-,
913026810144804869,-,
913026254206414853,n,
913023459688464384,-,
913018302989049856,p,
913013525152452608,-,
913013500640878593,p,
913012867607269377,n,
913008327071760385,n,
913007508511277057,n,
913007281163272193,-,
913005221218885632,n,
913003148201119745,-,
913002296514138113,-,
913000358347075585,-,
912999536712470528,n,
912999466680102912,-,
912993373543219201,-,
912991609146425344,p,
912986761290067969,-,
912976946321088512,-,
912976195096137728,-,
912970161396895744,n,
912962593735696385,-,
912949943580659712,-,
912949668023238657,-,
912948896942374912,n,
912943868336758784,n,
912943626069536768,n,
912943198783160320,n,
912942816262742016,n,
912934662871248896,p,
911648084740001795,-,
911647388540047360,n,
911646699927433217,n,
911644234045730816,n,
911643963202969600,-,
911643141878439936,n,
911642483175563264,n,
911642095877750784,-,
911636018767421441,-,
911634539990192128,n,
911634054646288384,n,
911632570223390721,n,
911632148817309696,-,
911631340168196096,n,
911629959407587328,-,
911627207197388800,-,
911626961776254976,n,
911626394299453440,-,
911625662028484608,n,
911625357907898368,n,
911623910482833408,n,
911623848239468544,-,
911622909331951617,n,
911622023327223811,n,
911621396912066560,n,
911621171724070912,n,
911620959832039424,n,
911620772111831040,n,
911620332351557633,-,
911617596880855040,n,
911615959290355712,n,
911615804923248640,n,
911614784709251073,-,
911609618966618113,-,
911608699109756928,-,
911607924677419008,n,
911606982204841984,n,
911605552760815617,n,
911605371449610241,n,
911604608820166656,-,
911602666127495168,n,
911600938229608448,n,
911600496535781376,n,
911599726167916544,n,
911597499777011712,-,
911596820765212675,-,
911593568912814085,n,
911590405589880832,n,
911585670883356672,n,
911585480193519616,-,
911583126920601601,-,
911561473066926081,n,
911537357563801600,n,
911496897810006016,n,
911493077499547649,n,
911486249835401216,n,
911485853964423168,n,
911482316555300864,p,
911478856300843008,n,
911477954852638720,p,
911472156382347264,n,
911471085576585216,-,
911470239715659776,-,
911462351261618176,n,
911461929947889664,n,
911457181467365381,p,
911454883114450944,p,
911453528341676032,p,
911452450783158272,p,
911451123600551936,p,
911450769974611973,p,
911447198856089600,-,
911446167149477888,n,
911445462623891462,n,
911445374417752065,n,
911445167907000321,p,
911445001460207616,p,
911444285211512834,p,
911441676048019456,n,
911439800644841472,-,
911439341670432769,-,
911439087982309376,n,
911438791390502912,p,
911437263287943168,p,
911437223123460101,-,
911436481226518528,n,
911435595133599744,-,
911435249455964160,n,
911429834378752000,n,
911420849307217920,p,
911419344994922496,n,
911418673671352320,p,
911417417120837632,p,
911414248559046656,n,
911412247511085056,n,
911411973404884992,p,
911410459030511616,n,
911407095223914497,n,
911402971690397698,-,
911401318044110849,p,
911398777973559301,p,
911397847202881536,n,
911396069086343170,-,
911387542624358400,n,
911386404466380800,n,
911384437044125697,-,
911380964936376321,-,
911380865208295424,n,
911380396360765440,p,
911378137048547328,n,
911374521835429889,n,
911373107281170432,n,
911371878392049666,n,
911358034391076864,n,
911356528724107264,n,
911353044083736576,p,
911350791805427712,-,
911350555049709570,n,
911349679316656128,-,
911348308651556865,n,
911346770684387328,n,
911343145069166592,n,
911335968862494721,n,
911335716608765952,n,
911333737153089544,n,
911328697457811459,n,
911328411284529153,n,
911324144964222976,n,
911322291627106304,p,
911322106385670144,-,
911319830044696577,n,
911317074126839808,-,
911316581057212416,n,
911316373283975168,n,
911316132522610688,-,
911315547941347328,n,
911314920217616384,n,
911314791825674240,n,
911309534144221188,n,
911309448437796865,-,
911308429679087616,n,
911308294962270208,n,
911305450406031360,n,
911304514900172800,n,
911298254360457218,n,
911297872787677184,n,
911290883907182592,n,
911284482157699072,n,
911282317842374657,-,
911281902148976640,n,
911278367688806402,n,
911270665256304640,n,
911269761350115328,n,
911266406192132096,-,
911257785412833280,-,
911254715584872448,p,
911254014884564997,-,
911252002453299200,n,
911250606077218816,n,
911250211175006210,n,
911249408980811776,-,
911248861460606976,-,
911246771606523904,n,
911244521765294081,n,
911241398543880192,n,
911239490341150720,n,
911238569150296064,-,
911232130654654464,n,
911227838254112768,-,
911227101692547072,-,
911223202411462658,n,
911222523961925632,-,
911133431739928576,n,
911125179308417024,n,
911124746313625600,n,
911119602612150272,n,
911117475055591424,n,
911110481783480321,n,
911109076678930432,p,
911109009641422848,n,
911107193465970688,n,
911105335863025664,n,
911103558283644928,p,
911102232124260352,n,
911101802619183104,n,
911101265370693632,n,
911096806058033152,n,
911096551308615681,n,
911091976866430978,n,
911090421635231744,n,
911090249496903680,n,
911086031822241793,p,
911085521295745025,p,
911085068549885952,p,
911083275480731648,n,
911082929849171970,n,
911079873757593600,n,
911079035932831744,n,
911078058118938626,p,
911076781263745024,n,
911076059319341056,n,
911075007626747905,n,
911074413092761600,n,
911074136721694720,n,
911072734247047169,p,
911072444341002240,n,
911071864952418305,p,
911070646335102976,n,
911068629910798336,n,
911066623758409728,n,
911065771274579973,n,
911064413540675587,p,
911061682838835202,n,
911061463216918529,n,
911059913790644225,n,
911059829061570560,p,
911059645522956288,n,
911058468559376384,p,
911056773976612865,n,
911056645962137600,p,
911056262644797440,n,
911055718001737728,n,
911055234570563584,p,
911054135117713408,-,
911054097138233345,p,
911053030967136257,n,
911052985165340672,n,
911052970896306177,n,
911052915388727301,n,
911051306961395713,n,
911050099656204288,n,
911049877769064449,n,
911049344920334336,n,
911049146718724096,n,
911048555657342976,n,
911048450170654720,n,
911048421544402945,n,
911046912823791616,p,
911046574611906560,p,
911046251000377344,n,
911044241576443904,n,
911043466678951937,n,
911043396923531265,n,
911042861985959936,n,
911042382258458624,n,
911041120460779520,n,
911039153604894721,n,
911038677702316033,n,
911037995414724609,n,
911036588162940929,n,
911036516322938883,n,
911035864649752576,n,
911035547593859072,n,
911033997664305153,n,
911032500734095360,p,
911032474888753152,n,
911031697948446720,n,
911031195902689280,n,
911030456644235264,n,
911029944930721793,n,
911029586976280577,n,
911029025199374336,n,
911028177874677762,n,
911026203745832960,n,
911026126444785665,n,
911024527840301056,n,
911023430308290560,n,
911023328466436096,n,
911022962463186944,n,
911020711715545088,n,
911020568589197312,n,
911018712278351872,n,
911017265449111558,n,
911016591076335616,-,
911015827435958272,n,
911013587723878401,n,
911008483843198979,n,
911006777382227968,p,
911006530111180801,n,
911006008843079680,n,
911003502012452864,n,
911001515271217152,n,
910996561508913153,n,
910992771586064387,n,
910991030090158081,n,
910989043109974016,-,
910987296685649920,-,
910985428785696769,p,
910983896707289088,-,
910979055637340161,n,
910978771469131776,n,
910978744021606412,-,
910977926547611648,n,
910976706835513344,n,
910976491621617665,n,
910975733425737730,n,
910974390388641794,n,
910973760060129280,n,
910973084404011008,n,
910972789741555712,n,
910970781584232448,n,
910966373232398341,-,
910966338734166016,n,
910963187750703104,-,
910963054946521088,n,
910962874432020480,n,
910962501453438976,n,
910961953958432768,-,
910961729240047618,n,
910961482715844610,p,
910959441167581184,p,
910958990351147008,-,
910954723917815809,n,
910952154902474752,p,
910949165324275712,n,
910947294261817344,p,
910946673039310848,p,
910945157133955072,p,
910944709991833601,-,
910944707160797184,p,
910941903654400001,-,
910941732111618050,p,
910941248910794752,n,
910940125370105856,-,
910936656592568320,n,
910936255709564928,-,
910935773947600896,p,
910934755192971264,n,
910934054723293184,n,
910932293052764161,p,
910932054304595969,p,
910931384146984960,n,
910927652034400257,-,
910924778508374016,n,
910918768016134144,-,
910918649627779074,n,
910916164821372929,n,
910915980511125504,n,
910915703967903744,-,
910914354597564416,-,
910908222420037633,-,
910897194655502337,p,
910897048672784384,n,
910896819701522432,-,
910894743063859200,n,
910894489350291456,-,
910893667333890048,p,
910892965568139264,n,
910892198543134720,-,
910891373091540992,-,
910891362131857410,n,
910888915984412675,p,
910888601747021824,-,
910887819442352128,p,
910885184475504640,p,
910884204094922753,-,
910881448294481922,-,
910879900730626049,-,
910879090005168128,-,
910878887013359616,p,
910876990701367297,-,
910876035662663680,-,
910875327429189632,p,
910872610157715456,p,
910872069365264385,p,
910866121569574912,-,
910863759966654464,-,
910861560607907840,n,
910856879378767872,-,
910856691696193537,n,
910855867041501185,n,
910855427201601536,-,
910854463115554817,-,
910853798674931712,n,
910851930494259200,-,
910851088839999488,n,
910850430481129472,n,
910847729747873792,n,
910846799149015040,n,
910844478109478914,n,
910839166467964928,n,
910838998058323968,n,
910833571258040321,n,
910832503866511361,n,
910830962354860033,n,
910830842955599873,n,
910829674988736512,n,
910820622736826368,n,
910818138031345665,n,
910817686417846274,-,
910795682499387392,n,
910792543041839105,n,
910790263156690944,n,
910781754310643712,n,
910779503340748801,n,
910778610172211201,p,
910770979130896384,p,
910749247989075968,p,
910748281369534464,n,
910747403241877504,n,
910744627015274496,p,
910743109671227392,-,
910742227260809217,-,
910742012848205824,n,
910738725885370368,n,
910737575526223872,n,
910736939480952832,n,
910736870845276161,-,
910736481521676288,n,
910736326164668416,n,
910736066453426177,n,
910735511811223552,n,
910735329224568833,-,
910734354023841792,n,
910732834649677824,p,
910730928174985216,n,
910730876169879552,n,
910729482050457601,p,
910729424492011524,p,
910729030755770368,p,
910728996970811393,p,
910728989643362304,-,
910728447630114816,-,
910728180893343744,n,
910727838290137089,p,
910727155440525312,-,
910726815349579776,n,
910725810448891905,n,
910725513630687235,p,
910725186760065024,n,
910723306243813377,n,
910721513107673089,n,
910717149219606528,n,
910716917119438848,n,
910716264607338496,-,
910715766680510464,p,
910713312568070144,n,
910712798145105920,n,
910712492359405568,n,
910712292353892353,n,
910711469490262016,n,
910711186865442816,n,
910710778331836416,n,
910710709813694464,n,
910709617885249536,n,
910709489514541057,n,
910709322228826112,-,
910708941327396864,-,
910708664025190401,-,
910708208771112960,n,
910708058459918336,n,
910708032161681414,n,
910707955548467200,p,
910707828150738945,p,
910707227287326721,n,
910707093375774720,-,
910706721785556992,-,
910705926579146753,p,
910705558113488896,n,
910705526627033089,-,
910704095488626689,p,
910703342539755520,p,
910703258678841344,n,
910703098779365376,n,
910703077342158848,n,
910703053585526784,n,
910702997897871360,n,
910702946874048513,n,
910702920475267072,n,
910702647874789376,n,
910702601334923265,n,
910702473089777664,n,
910702441431257088,n,
910702407654543361,-,
910702249634082816,-,
910702227773431808,n,
910702223570751489,n,
910702205115695104,n,
910702119358992384,p,
910701962521464832,n,
910701942984396801,n,
910701671931678720,n,
910701655464845312,n,
910701598413873152,n,
910701264652169216,n,
910701262034874369,n,
910701251175882752,n,
910701210805559296,n,
910701168258514944,-,
910701053498204160,n,
910700957595553792,n,
910700928478703617,n,
910700845175513088,n,
910700814641004544,n,
910700463137292288,n,
910700429524078592,n,
910700377439211521,n,
910699222852349952,n,
910698863463247874,n,
910695404068581376,n,
910694629795909634,-,
910694599097712640,n,
910693008676392960,n,
910691765249822721,n,
910690498704056320,n,
910690401165684741,n,
910689156380057602,n,
910688078364254209,n,
910687722276233217,n,
910687571520380929,n,
910686544800899072,-,
910683812216037376,n,
910681518401495040,-,
910681080285478914,n,
910680081613361152,n,
910679086439178240,n,
910678439287332864,n,
910678074257113088,-,
910677010883665920,p,
910676069899952130,p,
910675749052362753,n,
910674777429250048,p,
910672227795955712,n,
910667581278662657,n,
910664054007582720,-,
910663992846172161,n,
910663287007674368,n,
910662542548115458,n,
910661792547848194,n,
910658450312413185,n,
910652139604545536,p,
910651999472852992,n,
910650813336363008,p,
910649687647993856,n,
910649325843136513,n,
910647259133554689,n,
910645847200751617,n,
910645455284871168,n,
910642031726170112,n,
910641771197038592,n,
910639541731520513,p,
910639423334752256,n,
910639271924580352,n,
910639136427491328,-,
910635200211587072,n,
910633067584225280,n,
910629314512642048,-,
910629041555750912,-,
910627083319091200,n,
910626824027127808,p,
910626434288439299,p,
910624950628761600,n,
910623057818955776,n,
910621996551094273,-,
910620491051708416,-,
910618835190931456,n,
910616801523908608,n,
910616428881104897,-,
910616159900327937,-,
910615954282782720,n,
910613212172816385,n,
910612418082033665,-,
910611393828708352,n,
910609971875852294,n,
910609098663641089,-,
910608631590141952,p,
910605842340122624,p,
910603680285573120,n,
910602928351621120,n,
910602518173933568,n,
910602306869235712,n,
910600222920683521,-,
910600215866089473,n,
910597943060709376,n,
910597571546107905,n,
910596992203612160,n,
910596847072296960,n,
910595086739578880,n,
910590682686824448,-,
910585110117969921,-,
910583212065275904,n,
910582113602215936,n,
910581048588746752,p,
910580536535539714,n,
910579952453603328,-,
910577615446011904,-,
910577580704538625,-,
910577288214847488,-,
910577253825658880,p,
910575593271390208,p,
910573223854596096,p,
910573031004577793,-,
910572143427051520,n,
910570479106236416,n,
910570397468303360,n,
910568767704276993,-,
910565523523375104,n,
910564971758575616,-,
910564927986745345,p,
910564393947078656,n,
910562726904184832,n,
910558347757158400,n,
910558182312886273,p,
910556560828637184,n,
910555983646121984,n,
910555390785462274,-,
